id,club,season,matches_played,wins,draws,losses,goals_scored,goals_conceded,goal_difference,points,top_scorer,clean_sheets,possession (%),pass_accuracy (%),shots_per_match,fouls_committed,yellow_cards,red_cards,total_injuries,recruited_players,total_attacks_left,total_attacks_middle,total_attacks_right,conceded_attacks_left,conceded_attacks_middle,conceded_attacks_right,league,possession(%),club_standardized_x,matched_club,club_id,club_code,name,domestic_competition_id,total_market_value,squad_size,average_age,foreigners_number,foreigners_percentage,national_team_players,stadium_name,stadium_seats,net_transfer_record,coach_name,last_season,filename,url,club_standardized_y
1,Bayern Munich,2022-23,34,21,8,5,92,38,54,71,Eric Maxim Choupo-Moting (17),12,62.3,88.5,17.2,320,45,1.0,12,5,140,250,170,75.0,95,85,Bundesliga,50.0,bayern munich,FC Bayern München,27,fc-bayern-munchen,FC Bayern München,L1,,26,27.7,15,57.7,17,Allianz Arena,75000,€-64.65m,,2024,../data/raw/transfermarkt-scraper/2024/clubs.json.gz,https://www.transfermarkt.co.uk/fc-bayern-munchen/startseite/verein/27,fc bayern münchen
2,Borussia Dortmund,2022-23,34,22,5,7,83,44,39,71,Sébastien Haller (9),11,58.7,86.2,16.5,330,50,2.0,14,4,135,240,165,80.0,100,90,Bundesliga,50.0,borussia dortmund,Borussia Dortmund,16,borussia-dortmund,Borussia Dortmund,L1,,28,25.2,14,50.0,18,SIGNAL IDUNA PARK,81365,€-30.60m,,2024,../data/raw/transfermarkt-scraper/2024/clubs.json.gz,https://www.transfermarkt.co.uk/borussia-dortmund/startseite/verein/16,borussia dortmund
3,RB Leipzig,2022-23,34,20,6,8,64,41,23,66,Christopher Nkunku (16),13,56.4,85.7,15.3,340,55,3.0,15,5,130,230,160,70.0,90,80,Bundesliga,50.0,rb leipzig,RasenBallsport Leipzig,23826,rasenballsport-leipzig,RasenBallsport Leipzig,L1,,26,25.1,19,73.1,17,Red Bull Arena,47069,€-21.50m,,2024,../data/raw/transfermarkt-scraper/2024/clubs.json.gz,https://www.transfermarkt.co.uk/rasenballsport-leipzig/startseite/verein/23826,rasenballsport leipzig
4,Union Berlin,2022-23,34,18,8,8,51,38,13,62,Sheraldo Becker (11),14,48.9,79.8,12.7,310,45,1.0,12,4,110,200,140,65.0,85,75,Bundesliga,50.0,union berlin,1. Fußballclub Union Berlin,89,1-fc-union-berlin,1. Fußballclub Union Berlin,L1,,27,27.6,15,55.6,6,Stadion An der Alten Försterei,22012,+€5.80m,,2024,../data/raw/transfermarkt-scraper/2024/clubs.json.gz,https://www.transfermarkt.co.uk/1-fc-union-berlin/startseite/verein/89,1. fußballclub union berlin
5,SC Freiburg,2022-23,34,17,8,9,51,44,7,59,Vincenzo Grifo (13),11,52.3,83.1,13.4,320,48,2.0,13,4,105,190,135,60.0,80,70,Bundesliga,50.0,sc freiburg,Sport-Club Freiburg,60,sc-freiburg,Sport-Club Freiburg,L1,,27,27.4,12,44.4,6,Europa-Park Stadion,34700,€-7.10m,,2024,../data/raw/transfermarkt-scraper/2024/clubs.json.gz,https://www.transfermarkt.co.uk/sc-freiburg/startseite/verein/60,sport-club freiburg
6,Bayer Leverkusen,2022-23,34,14,8,12,57,49,8,50,Moussa Diaby (9),9,54.2,84.1,14.1,330,52,2.0,14,5,115,210,145,75.0,95,85,Bundesliga,50.0,bayer leverkusen,Bayer 04 Leverkusen Fußball,15,bayer-04-leverkusen,Bayer 04 Leverkusen Fußball,L1,,26,26.8,20,76.9,16,BayArena,30210,€-21.85m,,2024,../data/raw/transfermarkt-scraper/2024/clubs.json.gz,https://www.transfermarkt.co.uk/bayer-04-leverkusen/startseite/verein/15,bayer 04 leverkusen fußball
7,Eintracht Frankfurt,2022-23,34,13,11,10,58,52,6,50,Randal Kolo Muani (15),8,53.8,83.9,13.8,340,55,3.0,16,5,120,220,150,80.0,100,90,Bundesliga,50.0,eintracht frankfurt,Eintracht Frankfurt Fußball AG,24,eintracht-frankfurt,Eintracht Frankfurt Fußball AG,L1,,27,25.4,20,74.1,10,Deutsche Bank Park,58000,+€48.19m,,2024,../data/raw/transfermarkt-scraper/2024/clubs.json.gz,https://www.transfermarkt.co.uk/eintracht-frankfurt/startseite/verein/24,eintracht frankfurt fußball ag
8,Wolfsburg,2022-23,34,13,10,11,57,48,9,49,Jonas Wind (9),10,51.6,82.9,13.2,330,50,2.0,14,4,110,200,140,70.0,90,80,Bundesliga,50.0,wolfsburg,Verein für Leibesübungen Wolfsburg,82,vfl-wolfsburg,Verein für Leibesübungen Wolfsburg,L1,,30,25.7,21,70.0,14,Volkswagen Arena,28917,€-19.05m,,2024,../data/raw/transfermarkt-scraper/2024/clubs.json.gz,https://www.transfermarkt.co.uk/vfl-wolfsburg/startseite/verein/82,verein für leibesübungen wolfsburg
9,Mainz 05,2022-23,34,12,10,12,54,55,-1,46,Karim Onisiwo (10),7,50.8,81.9,12.3,320,48,1.0,13,4,100,180,130,65.0,85,75,Bundesliga,50.0,mainz 05,1. Fußball- und Sportverein Mainz 05,39,1-fsv-mainz-05,1. Fußball- und Sportverein Mainz 05,L1,,24,27.2,10,41.7,7,Mewa Arena,33305,+€26.25m,,2024,../data/raw/transfermarkt-scraper/2024/clubs.json.gz,https://www.transfermarkt.co.uk/1-fsv-mainz-05/startseite/verein/39,1. fußball- und sportverein mainz 05
10,Borussia Mönchengladbach,2022-23,34,11,10,13,52,55,-3,43,Marcus Thuram (13),6,52.1,83.0,12.8,310,45,1.0,12,4,95,170,125,60.0,80,70,Bundesliga,50.0,borussia mönchengladbach,Borussia Verein für Leibesübungen 1900 Mönchengladbach,18,borussia-monchengladbach,Borussia Verein für Leibesübungen 1900 Mönchengladbach,L1,,26,26.3,14,53.8,12,Stadion im Borussia-Park,54042,€-7.70m,,2024,../data/raw/transfermarkt-scraper/2024/clubs.json.gz,https://www.transfermarkt.co.uk/borussia-monchengladbach/startseite/verein/18,borussia verein für leibesübungen 1900 mönchengladbach
11,FC Köln,2022-23,34,10,12,12,49,54,-5,42,Davie Selke (8),7,49.5,80.2,11.3,310,45,1.0,12,4,90,170,120,60.0,75,70,Bundesliga,50.0,fc köln,1.FC Köln,3,1-fc-koln,1.FC Köln,L1,,34,24.6,11,32.4,6,RheinEnergieSTADION,50000,+€1.60m,,2023,../data/raw/transfermarkt-scraper/2023/clubs.json.gz,https://www.transfermarkt.co.uk/1-fc-koln/startseite/verein/3,1.fc köln
12,Hoffenheim,2022-23,34,10,6,18,48,57,-9,36,Andrej Kramari? (12),6,51.2,82.5,12.0,320,50,2.0,14,4,95,180,125,65.0,80,75,Bundesliga,50.0,hoffenheim,Turn- und Sportgemeinschaft 1899 Hoffenheim Fußball-Spielbetriebs,533,tsg-1899-hoffenheim,Turn- und Sportgemeinschaft 1899 Hoffenheim Fußball-Spielbetriebs,L1,,33,26.0,22,66.7,12,PreZero Arena,30150,€-44.40m,,2024,../data/raw/transfermarkt-scraper/2024/clubs.json.gz,https://www.transfermarkt.co.uk/tsg-1899-hoffenheim/startseite/verein/533,turn- und sportgemeinschaft 1899 hoffenheim fußball-spielbetriebs
13,Werder Bremen,2022-23,34,10,6,18,51,64,-13,36,Niclas Füllkrug (16),5,48.9,79.8,11.7,310,45,1.0,12,4,85,160,115,55.0,70,65,Bundesliga,50.0,werder bremen,Sportverein Werder Bremen von 1899,86,sv-werder-bremen,Sportverein Werder Bremen von 1899,L1,,27,26.6,12,44.4,6,Weserstadion,42100,€-1.13m,,2024,../data/raw/transfermarkt-scraper/2024/clubs.json.gz,https://www.transfermarkt.co.uk/sv-werder-bremen/startseite/verein/86,sportverein werder bremen von 1899
14,VfL Bochum,2022-23,34,10,5,19,40,72,-32,35,Philipp Hofmann (8),5,45.8,77.5,10.3,300,40,1.0,11,3,75,140,95,50.0,65,60,Bundesliga,50.0,vfl bochum,Verein für Leibesübungen Bochum 1848 Fußballgemeinschaft,80,vfl-bochum,Verein für Leibesübungen Bochum 1848 Fußballgemeinschaft,L1,,27,27.3,13,48.1,4,Vonovia Ruhrstadion,26000,+€4.80m,,2024,../data/raw/transfermarkt-scraper/2024/clubs.json.gz,https://www.transfermarkt.co.uk/vfl-bochum/startseite/verein/80,verein für leibesübungen bochum 1848 fußballgemeinschaft
15,Augsburg,2022-23,34,9,7,18,42,63,-21,34,Ermedin Demirovi? (9),6,47.1,78.9,11.1,310,45,1.0,14,4,85,160,115,55.0,70,65,Bundesliga,50.0,augsburg,Fußball-Club Augsburg 1907,167,fc-augsburg,Fußball-Club Augsburg 1907,L1,,27,26.3,17,63.0,9,WWK ARENA,30660,+€25.35m,,2024,../data/raw/transfermarkt-scraper/2024/clubs.json.gz,https://www.transfermarkt.co.uk/fc-augsburg/startseite/verein/167,fußball-club augsburg 1907
16,Stuttgart,2022-23,34,7,12,15,45,57,-12,33,Serhou Guirassy (11),5,49.8,80.6,11.4,320,48,2.0,15,5,90,170,120,60.0,75,70,Bundesliga,50.0,stuttgart,Verein für Bewegungsspiele Stuttgart 1893,79,vfb-stuttgart,Verein für Bewegungsspiele Stuttgart 1893,L1,,35,24.1,15,42.9,13,MHPArena Stuttgart,60449,€-11.58m,,2024,../data/raw/transfermarkt-scraper/2024/clubs.json.gz,https://www.transfermarkt.co.uk/vfb-stuttgart/startseite/verein/79,verein für bewegungsspiele stuttgart 1893
17,Schalke 04,2022-23,34,7,10,17,35,71,-36,31,Marius Bülter (8),4,44.8,76.5,10.0,290,38,1.0,10,2,70,130,90,45.0,60,55,Bundesliga,50.0,schalke 04,FC Schalke 04,33,fc-schalke-04,FC Schalke 04,L1,,27,26.4,12,44.4,4,Veltins-Arena,62271,+€10.30m,,2022,../data/raw/transfermarkt-scraper/2022/clubs.json.gz,https://www.transfermarkt.co.uk/fc-schalke-04/startseite/verein/33,fc schalke 04
18,Hertha Berlin,2022-23,34,7,8,19,42,69,-27,29,Dodi Lukebakio (11),3,46.2,76.5,10.3,280,35,1.0,9,2,65,120,85,40.0,55,50,Bundesliga,50.0,hertha berlin,Hertha BSC,44,hertha-bsc,Hertha BSC,L1,,36,24.1,14,38.9,7,Olympiastadion Berlin,74667,+€6.70m,,2022,../data/raw/transfermarkt-scraper/2022/clubs.json.gz,https://www.transfermarkt.co.uk/hertha-bsc/startseite/verein/44,hertha bsc
1,Feyenoord,2022-23,34,25,7,2,81,30,51,82,Santiago Giménez (15),16,60.5,87.3,16.2,330,48,1.0,13,5,140,250,170,70.0,90,80,Eredivisie,50.0,feyenoord,Feyenoord Rotterdam,234,feyenoord-rotterdam,Feyenoord Rotterdam,NL1,,33,24.4,21,63.6,13,"Stadion Feyenoord ""De Kuip""",47500,+€64.50m,,2024,../data/raw/transfermarkt-scraper/2024/clubs.json.gz,https://www.transfermarkt.co.uk/feyenoord-rotterdam/startseite/verein/234,feyenoord rotterdam
2,PSV Eindhoven,2022-23,34,23,6,5,89,40,49,75,Xavi Simons (19),14,59.8,86.5,15.8,340,50,2.0,14,4,135,240,165,75.0,95,85,Eredivisie,50.0,psv eindhoven,Eindhovense Voetbalvereniging Philips Sport Vereniging,383,psv-eindhoven,Eindhovense Voetbalvereniging Philips Sport Vereniging,NL1,,27,25.9,14,51.9,12,Philips Stadion,35119,+-0,,2024,../data/raw/transfermarkt-scraper/2024/clubs.json.gz,https://www.transfermarkt.co.uk/psv-eindhoven/startseite/verein/383,eindhovense voetbalvereniging philips sport vereniging
3,Ajax,2022-23,34,20,9,5,86,38,48,69,Dusan Tadić (14),12,62.3,88.7,17.1,350,55,3.0,16,5,145,260,175,80.0,100,90,Eredivisie,50.0,ajax,AFC Ajax Amsterdam,610,ajax-amsterdam,AFC Ajax Amsterdam,NL1,,28,25.6,12,42.9,11,Johan Cruijff ArenA,55885,+€56.61m,,2024,../data/raw/transfermarkt-scraper/2024/clubs.json.gz,https://www.transfermarkt.co.uk/ajax-amsterdam/startseite/verein/610,afc ajax amsterdam
4,AZ Alkmaar,2022-23,34,20,8,6,68,35,33,68,Vangelis Pavlidis (16),13,57.4,85.2,14.5,340,52,2.0,15,4,130,230,160,70.0,90,80,Eredivisie,50.0,az alkmaar,Alkmaar Zaanstreek,1090,az-alkmaar,Alkmaar Zaanstreek,NL1,,29,24.1,7,24.1,4,AFAS Stadion,19478,+€27.50m,,2024,../data/raw/transfermarkt-scraper/2024/clubs.json.gz,https://www.transfermarkt.co.uk/az-alkmaar/startseite/verein/1090,alkmaar zaanstreek
5,FC Twente,2022-23,34,18,10,6,66,37,29,64,Ricky van Wolfswinkel (16),11,55.8,84.1,13.9,330,50,1.0,14,4,125,220,155,75.0,95,85,Eredivisie,50.0,fc twente,Football Club Twente,317,fc-twente-enschede,Football Club Twente,NL1,,25,25.5,13,52.0,4,De Grolsch Veste,30205,+€7.85m,,2024,../data/raw/transfermarkt-scraper/2024/clubs.json.gz,https://www.transfermarkt.co.uk/fc-twente-enschede/startseite/verein/317,football club twente
6,Sparta Rotterdam,2022-23,34,17,8,9,60,37,23,59,Tobias Lauritsen (12),10,52.3,83.1,13.5,320,48,2.0,13,4,120,210,150,70.0,90,80,Eredivisie,50.0,sparta rotterdam,Sparta Rotterdam,468,sparta-rotterdam,Sparta Rotterdam,NL1,,25,25.0,9,36.0,3,Sparta-stadion - Het Kasteel,11026,+€3.95m,,2024,../data/raw/transfermarkt-scraper/2024/clubs.json.gz,https://www.transfermarkt.co.uk/sparta-rotterdam/startseite/verein/468,sparta rotterdam
7,FC Utrecht,2022-23,34,15,9,10,55,41,14,54,Anastasios Douvikas (12),9,53.7,84.0,13.2,310,45,1.0,12,4,110,200,140,65.0,85,75,Eredivisie,50.0,fc utrecht,Football Club Utrecht,200,fc-utrecht,Football Club Utrecht,NL1,,27,25.2,17,63.0,3,"Stadion ""Galgenwaard""",23750,+€14.33m,,2024,../data/raw/transfermarkt-scraper/2024/clubs.json.gz,https://www.transfermarkt.co.uk/fc-utrecht/startseite/verein/200,football club utrecht
8,SC Heerenveen,2022-23,34,12,10,12,44,50,-6,46,Sydney van Hooijdonk (10),7,50.8,81.9,12.3,300,40,1.0,11,3,95,170,125,60.0,80,70,Eredivisie,50.0,sc heerenveen,Sportclub Heerenveen,306,sc-heerenveen,Sportclub Heerenveen,NL1,,30,24.3,17,56.7,5,Abe Lenstra Stadion,27224,+€4.23m,,2024,../data/raw/transfermarkt-scraper/2024/clubs.json.gz,https://www.transfermarkt.co.uk/sc-heerenveen/startseite/verein/306,sportclub heerenveen
9,RKC Waalwijk,2022-23,34,11,8,15,50,64,-14,41,Michiel Kramer (9),6,48.9,79.8,11.7,290,38,1.0,10,2,85,160,115,55.0,70,65,Eredivisie,50.0,rkc waalwijk,Rooms Katholieke Combinatie Waalwijk,235,rkc-waalwijk,Rooms Katholieke Combinatie Waalwijk,NL1,,30,26.5,14,46.7,6,Mandemakers Stadion,7508,+-0,,2024,../data/raw/transfermarkt-scraper/2024/clubs.json.gz,https://www.transfermarkt.co.uk/rkc-waalwijk/startseite/verein/235,rooms katholieke combinatie waalwijk
10,Vitesse,2022-23,34,10,10,14,45,50,-5,40,Lois Openda (12),6,49.5,80.2,11.3,310,45,1.0,12,4,90,170,120,60.0,75,70,Eredivisie,50.0,vitesse,Vitesse Arnhem,499,vitesse-arnheim,Vitesse Arnhem,NL1,,25,21.3,5,20.0,0,GelreDome,21248,+-0,,2023,../data/raw/transfermarkt-scraper/2023/clubs.json.gz,https://www.transfermarkt.co.uk/vitesse-arnheim/startseite/verein/499,vitesse arnhem
11,Go Ahead Eagles,2022-23,34,10,8,16,46,56,-10,38,Willum Þór Willumsson (8),5,47.5,79.6,11.2,290,38,1.0,10,2,80,150,100,50.0,65,60,Eredivisie,50.0,go ahead eagles,Go Ahead Eagles,1435,go-ahead-eagles-deventer,Go Ahead Eagles,NL1,,24,24.5,12,50.0,2,De Adelaarshorst,10000,+€6.60m,,2024,../data/raw/transfermarkt-scraper/2024/clubs.json.gz,https://www.transfermarkt.co.uk/go-ahead-eagles-deventer/startseite/verein/1435,go ahead eagles
12,NEC Nijmegen,2022-23,34,8,15,11,42,45,-3,39,Magnus Mattsson (7),6,48.3,79.4,11.0,300,40,1.0,11,3,85,160,115,55.0,70,65,Eredivisie,50.0,nec nijmegen,Nijmegen Eendracht Combinatie,467,nec-nijmegen,Nijmegen Eendracht Combinatie,NL1,,28,25.3,11,39.3,2,Goffertstadion,12650,€-900k,,2024,../data/raw/transfermarkt-scraper/2024/clubs.json.gz,https://www.transfermarkt.co.uk/nec-nijmegen/startseite/verein/467,nijmegen eendracht combinatie
13,Fortuna Sittard,2022-23,34,10,6,18,39,62,-23,36,Burak Yılmaz (8),5,46.7,77.9,10.5,280,35,1.0,9,2,70,130,90,45.0,60,55,Eredivisie,50.0,fortuna sittard,Fortuna Sittardia Combinatie,385,fortuna-sittard,Fortuna Sittardia Combinatie,NL1,,26,26.1,18,69.2,1,Fortuna Sittard Stadion,12800,€-250k,,2024,../data/raw/transfermarkt-scraper/2024/clubs.json.gz,https://www.transfermarkt.co.uk/fortuna-sittard/startseite/verein/385,fortuna sittardia combinatie
14,FC Volendam,2022-23,34,10,6,18,42,71,-29,36,Robert Mühren (10),4,46.2,76.5,10.3,270,33,1.0,8,2,65,120,85,40.0,55,50,Eredivisie,50.0,fc volendam,FC Volendam,724,fc-volendam,FC Volendam,NL1,,25,23.4,6,24.0,2,Kras Stadion,7384,+€800k,,2023,../data/raw/transfermarkt-scraper/2023/clubs.json.gz,https://www.transfermarkt.co.uk/fc-volendam/startseite/verein/724,fc volendam
15,FC Emmen,2022-23,34,6,10,18,33,65,-32,28,Richairo Živković (6),3,44.8,76.5,10.0,260,30,1.0,7,2,60,110,80,35.0,50,45,Eredivisie,50.0,fc emmen,FC Emmen,1283,fc-emmen,FC Emmen,NL1,,17,25.6,6,35.3,0,De Oude Meerdijk,8309,+-0,,2022,../data/raw/transfermarkt-scraper/2022/clubs.json.gz,https://www.transfermarkt.co.uk/fc-emmen/startseite/verein/1283,fc emmen
16,SC Cambuur,2022-23,34,5,11,18,26,68,-42,26,Mitchel Paulissen (4),2,43.9,75.6,9.8,250,28,1.0,6,1,55,100,75,30.0,45,40,Eredivisie,50.0,sc cambuur,SC Cambuur Leeuwarden,133,sc-cambuur-leeuwarden,SC Cambuur Leeuwarden,NL1,,16,23.1,4,25.0,3,Cambuurstadion,10250,+-0,,2022,../data/raw/transfermarkt-scraper/2022/clubs.json.gz,https://www.transfermarkt.co.uk/sc-cambuur-leeuwarden/startseite/verein/133,sc cambuur leeuwarden
17,FC Groningen,2022-23,34,4,6,24,31,75,-44,18,Ricardo Pepi (7),2,42.5,74.8,9.2,240,25,1.0,5,1,50,90,70,25.0,40,35,Eredivisie,50.0,fc groningen,Football Club Groningen,202,fc-groningen,Football Club Groningen,NL1,,28,24.5,8,28.6,4,Euroborg,22555,+€2.08m,,2024,../data/raw/transfermarkt-scraper/2024/clubs.json.gz,https://www.transfermarkt.co.uk/fc-groningen/startseite/verein/202,football club groningen
18,Excelsior,2022-23,34,3,8,23,28,76,-48,17,Reda Kharchouch (5),1,41.2,73.5,8.8,230,22,1.0,4,1,45,80,65,20.0,35,30,Eredivisie,50.0,excelsior,Excelsior Rotterdam,798,sbv-excelsior-rotterdam,Excelsior Rotterdam,NL1,,25,22.2,8,32.0,1,Van Donge & De Roo Stadion - Woudestein,4400,+€3.25m,,2023,../data/raw/transfermarkt-scraper/2023/clubs.json.gz,https://www.transfermarkt.co.uk/sbv-excelsior-rotterdam/startseite/verein/798,excelsior rotterdam
1,Barcelona,2022-23,38,28,4,6,70,20,50,88,Robert Lewandowski (23),26,65.4,90.1,15.3,320,45,1.1,12,5,130,240,160,70.1,90,80,La Liga,50.0,barcelona,Futbol Club Barcelona,131,fc-barcelona,Futbol Club Barcelona,ES1,,26,25.0,8,30.8,14,Olímpic Lluís Companys,55926,+€6.10m,,2024,../data/raw/transfermarkt-scraper/2024/clubs.json.gz,https://www.transfermarkt.co.uk/fc-barcelona/startseite/verein/131,futbol club barcelona
2,Real Madrid,2022-23,38,24,6,8,75,36,39,78,Karim Benzema (19),18,58.7,88.5,14.8,340,50,2.0,15,4,125,230,155,75.0,95,85,La Liga,50.0,real madrid,Real Madrid Club de Fútbol,418,real-madrid,Real Madrid Club de Fútbol,ES1,,23,27.3,17,73.9,19,Santiago Bernabéu,81044,€-33.00m,,2024,../data/raw/transfermarkt-scraper/2024/clubs.json.gz,https://www.transfermarkt.co.uk/real-madrid/startseite/verein/418,real madrid club de fútbol
3,Atlético Madrid,2022-23,38,23,8,7,70,33,37,77,Antoine Griezmann (15),17,52.3,84.7,13.5,360,55,3.0,18,5,120,220,150,80.0,100,90,La Liga,50.0,atlético madrid,Club Atlético de Madrid S.A.D.,13,atletico-madrid,Club Atlético de Madrid S.A.D.,ES1,,23,29.3,16,69.6,16,Riyadh Air Metropolitano,70460,€-91.10m,,2024,../data/raw/transfermarkt-scraper/2024/clubs.json.gz,https://www.transfermarkt.co.uk/atletico-madrid/startseite/verein/13,club atlético de madrid s.a.d.
4,Real Sociedad,2022-23,38,21,8,9,51,35,16,71,Alexander Sørloth (12),15,54.8,85.2,12.9,330,48,1.0,14,4,110,210,140,75.0,90,85,La Liga,50.0,real sociedad,Real Sociedad de Fútbol S.A.D.,681,real-sociedad-san-sebastian,Real Sociedad de Fútbol S.A.D.,ES1,,25,25.6,8,32.0,10,Reale Arena,39313,+€24.35m,,2024,../data/raw/transfermarkt-scraper/2024/clubs.json.gz,https://www.transfermarkt.co.uk/real-sociedad-san-sebastian/startseite/verein/681,real sociedad de fútbol s.a.d.
5,Villarreal,2022-23,38,19,7,12,59,40,19,64,Gerard Moreno (10),14,53.6,83.9,13.1,350,52,2.0,16,5,115,200,145,70.0,85,80,La Liga,50.0,villarreal,Villarreal Club de Fútbol S.A.D.,1050,fc-villarreal,Villarreal Club de Fútbol S.A.D.,ES1,,24,27.4,11,45.8,11,La Cerámica,23500,+€11.50m,,2024,../data/raw/transfermarkt-scraper/2024/clubs.json.gz,https://www.transfermarkt.co.uk/fc-villarreal/startseite/verein/1050,villarreal club de fútbol s.a.d.
6,Real Betis,2022-23,38,17,9,12,46,41,5,60,Borja Iglesias (15),12,51.4,82.6,12.3,340,50,2.0,15,4,105,190,135,65.0,80,75,La Liga,50.0,real betis,Real Betis Balompié S.A.D.,150,real-betis-sevilla,Real Betis Balompié S.A.D.,ES1,,25,28.2,12,48.0,6,Benito Villamarín,60721,+€20.15m,,2024,../data/raw/transfermarkt-scraper/2024/clubs.json.gz,https://www.transfermarkt.co.uk/real-betis-sevilla/startseite/verein/150,real betis balompié s.a.d.
7,Osasuna,2022-23,38,15,8,15,37,42,-5,53,Ante Budimir (8),10,48.7,80.3,11.5,320,45,1.0,12,3,95,180,125,60.0,75,70,La Liga,50.0,osasuna,Club Atlético Osasuna,331,ca-osasuna,Club Atlético Osasuna,ES1,,22,28.5,2,9.1,3,El Sadar,23576,+€700k,,2024,../data/raw/transfermarkt-scraper/2024/clubs.json.gz,https://www.transfermarkt.co.uk/ca-osasuna/startseite/verein/331,club atlético osasuna
8,Athletic Bilbao,2022-23,38,14,9,15,47,43,4,51,Iñaki Williams (10),11,50.2,81.8,12.0,330,48,2.0,14,4,100,190,130,65.0,80,75,La Liga,50.0,athletic bilbao,Athletic Club Bilbao,621,athletic-bilbao,Athletic Club Bilbao,ES1,,24,27.3,1,4.2,5,San Mamés,53289,€-8.75m,,2024,../data/raw/transfermarkt-scraper/2024/clubs.json.gz,https://www.transfermarkt.co.uk/athletic-bilbao/startseite/verein/621,athletic club bilbao
9,Mallorca,2022-23,38,14,8,16,37,43,-6,50,Vedat Muriqi (15),9,47.5,79.6,11.2,310,42,1.0,13,3,90,170,120,55.0,70,65,La Liga,50.0,mallorca,Real Club Deportivo Mallorca S.A.D.,237,rcd-mallorca,Real Club Deportivo Mallorca S.A.D.,ES1,,24,28.9,10,41.7,7,Mallorca Son Moix,26020,+€11.65m,,2024,../data/raw/transfermarkt-scraper/2024/clubs.json.gz,https://www.transfermarkt.co.uk/rcd-mallorca/startseite/verein/237,real club deportivo mallorca s.a.d.
10,Girona,2022-23,38,13,10,15,58,55,3,49,Cristhian Stuani (9),8,49.1,80.5,11.8,300,40,1.0,12,4,85,160,115,50.0,65,60,La Liga,50.0,girona,Girona Fútbol Club S. A. D.,12321,fc-girona,Girona Fútbol Club S. A. D.,ES1,,26,27.5,15,57.7,6,Montilivi,14624,+€11.00m,,2024,../data/raw/transfermarkt-scraper/2024/clubs.json.gz,https://www.transfermarkt.co.uk/fc-girona/startseite/verein/12321,girona fútbol club s. a. d.
11,Rayo Vallecano,2022-23,38,13,10,15,45,53,-8,49,Isi Palazón (7),8,48.3,79.4,11.0,310,45,1.0,12,4,85,160,115,55.0,70,65,La Liga,50.0,rayo vallecano,Rayo Vallecano de Madrid S.A.D.,367,rayo-vallecano,Rayo Vallecano de Madrid S.A.D.,ES1,,25,29.9,9,36.0,5,Estadio de Vallecas,14708,+€2.00m,,2024,../data/raw/transfermarkt-scraper/2024/clubs.json.gz,https://www.transfermarkt.co.uk/rayo-vallecano/startseite/verein/367,rayo vallecano de madrid s.a.d.
12,Sevilla,2022-23,38,13,10,15,47,54,-7,49,Youssef En-Nesyri (8),7,49.5,80.2,11.3,320,50,2.0,15,5,90,170,120,60.0,75,70,La Liga,50.0,sevilla,Sevilla Fútbol Club S.A.D.,368,fc-sevilla,Sevilla Fútbol Club S.A.D.,ES1,,23,26.1,13,56.5,8,Ramón Sánchez-Pizjuán,43883,+€16.55m,,2024,../data/raw/transfermarkt-scraper/2024/clubs.json.gz,https://www.transfermarkt.co.uk/fc-sevilla/startseite/verein/368,sevilla fútbol club s.a.d.
13,Celta Vigo,2022-23,38,11,10,17,43,53,-10,43,Iago Aspas (12),6,50.8,81.7,11.6,330,55,3.0,16,4,95,180,125,65.0,80,75,La Liga,50.0,celta vigo,Real Club Celta de Vigo S. A. D.,940,celta-vigo,Real Club Celta de Vigo S. A. D.,ES1,,24,26.9,6,25.0,4,Abanca Balaídos,20739,+€12.50m,,2024,../data/raw/transfermarkt-scraper/2024/clubs.json.gz,https://www.transfermarkt.co.uk/celta-vigo/startseite/verein/940,real club celta de vigo s. a. d.
14,Cádiz,2022-23,38,10,12,16,30,53,-23,42,Álvaro Negredo (7),7,44.6,76.8,10.2,300,40,1.0,12,3,75,140,95,50.0,65,60,La Liga,50.0,cádiz,Cádiz CF,2687,fc-cadiz,Cádiz CF,ES1,,26,28.7,6,23.1,2,Nuevo Mirandilla,21094,+€4.00m,,2023,../data/raw/transfermarkt-scraper/2023/clubs.json.gz,https://www.transfermarkt.co.uk/fc-cadiz/startseite/verein/2687,cádiz cf
15,Getafe,2022-23,38,10,12,16,34,45,-11,42,Enes Ünal (14),8,45.2,77.1,10.5,310,42,1.0,13,4,80,150,100,55.0,70,65,La Liga,50.0,getafe,Getafe Club de Fútbol S.A.D. Team Dubai,3709,fc-getafe,Getafe Club de Fútbol S.A.D. Team Dubai,ES1,,24,27.2,10,41.7,4,Coliseum,16800,+€21.60m,,2024,../data/raw/transfermarkt-scraper/2024/clubs.json.gz,https://www.transfermarkt.co.uk/fc-getafe/startseite/verein/3709,getafe club de fútbol s.a.d. team dubai
16,Valencia,2022-23,38,11,9,18,42,45,-3,42,Justin Kluivert (6),7,49.8,80.6,11.4,320,48,2.0,15,5,90,170,120,60.0,75,70,La Liga,50.0,valencia,Valencia Club de Fútbol S. A. D.,1049,fc-valencia,Valencia Club de Fútbol S. A. D.,ES1,,26,25.9,9,34.6,5,Mestalla,49430,+€28.65m,,2024,../data/raw/transfermarkt-scraper/2024/clubs.json.gz,https://www.transfermarkt.co.uk/fc-valencia/startseite/verein/1049,valencia club de fútbol s. a. d.
17,Almería,2022-23,38,11,8,19,49,65,-16,41,El Bilal Touré (7),6,47.1,78.9,11.1,310,45,1.0,14,4,85,160,115,55.0,70,65,La Liga,50.0,almería,UD Almería,3302,ud-almeria,UD Almería,ES1,,24,25.2,13,54.2,5,Power Horse Stadium,18331,€-1.60m,,2023,../data/raw/transfermarkt-scraper/2023/clubs.json.gz,https://www.transfermarkt.co.uk/ud-almeria/startseite/verein/3302,ud almería
18,Valladolid,2022-23,38,11,7,20,33,63,-30,40,Cyle Larin (8),6,45.8,77.5,10.3,300,40,1.0,12,3,75,140,95,50.0,65,60,La Liga,50.0,valladolid,Real Valladolid Club de Fútbol S.A.D.,366,real-valladolid,Real Valladolid Club de Fútbol S.A.D.,ES1,,26,27.0,18,69.2,7,José Zorrilla,27618,+€975k,,2024,../data/raw/transfermarkt-scraper/2024/clubs.json.gz,https://www.transfermarkt.co.uk/real-valladolid/startseite/verein/366,real valladolid club de fútbol s.a.d.
19,Espanyol,2022-23,38,8,13,17,52,69,-17,37,Joselu (16),5,48.9,79.8,11.7,320,50,2.0,16,5,90,170,120,60.0,75,70,La Liga,50.0,espanyol,Reial Club Deportiu Espanyol de Barcelona S.A.D.,714,espanyol-barcelona,Reial Club Deportiu Espanyol de Barcelona S.A.D.,ES1,,28,26.1,8,28.6,3,RCDE Stadium,40500,+€1.10m,,2024,../data/raw/transfermarkt-scraper/2024/clubs.json.gz,https://www.transfermarkt.co.uk/espanyol-barcelona/startseite/verein/714,reial club deportiu espanyol de barcelona s.a.d.
20,Elche,2022-23,38,5,10,23,30,67,-37,25,Pere Milla (6),3,44.5,76.2,9.8,290,38,1.0,10,2,70,130,90,45.0,60,55,La Liga,50.0,elche,Elche CF,1531,fc-elche,Elche CF,ES1,,18,27.3,5,27.8,0,Manuel Martínez Valero,31388,+€1.00m,,2022,../data/raw/transfermarkt-scraper/2022/clubs.json.gz,https://www.transfermarkt.co.uk/fc-elche/startseite/verein/1531,elche cf
1,Paris Saint-Germain,2022-23,38,27,4,7,89,40,49,85,Kylian Mbappé (29),15,49.65,89.0,16.8,340,50,2.0,14,5,140,250,170,75.0,95,85,Ligue 1,62.5,paris saint-germain,Paris Saint-Germain Football Club,583,fc-paris-saint-germain,Paris Saint-Germain Football Club,FR1,,24,23.7,15,62.5,17,Parc des Princes,48583,€-109.82m,,2024,../data/raw/transfermarkt-scraper/2024/clubs.json.gz,https://www.transfermarkt.co.uk/fc-paris-saint-germain/startseite/verein/583,paris saint-germain football club
2,Lens,2022-23,38,25,9,4,68,29,39,84,Loïs Openda (21),18,49.65,84.7,14.2,330,48,1.0,13,4,130,230,160,70.0,90,80,Ligue 1,54.3,lens,Racing Club de Lens,826,rc-lens,Racing Club de Lens,FR1,,26,26.8,17,65.4,10,Stade Bollaert-Delelis,38223,+€73.19m,,2024,../data/raw/transfermarkt-scraper/2024/clubs.json.gz,https://www.transfermarkt.co.uk/rc-lens/startseite/verein/826,racing club de lens
3,Marseille,2022-23,38,22,7,9,67,40,27,73,Alexis Sánchez (14),14,49.65,86.2,14.5,350,55,3.0,16,5,135,240,165,80.0,100,90,Ligue 1,56.8,marseille,Olympique de Marseille,244,olympique-marseille,Olympique de Marseille,FR1,,27,26.6,22,81.5,14,Orange Vélodrome,67394,€-9.70m,,2024,../data/raw/transfermarkt-scraper/2024/clubs.json.gz,https://www.transfermarkt.co.uk/olympique-marseille/startseite/verein/244,olympique de marseille
4,Rennes,2022-23,38,21,5,12,69,39,30,68,Amine Gouiri (12),13,49.65,85.1,14.0,340,52,2.0,15,4,125,220,155,75.0,95,85,Ligue 1,55.2,rennes,Valenciennes FC,1423,fc-valenciennes,Valenciennes FC,FR1,,30,23.6,15,50.0,5,Stade du Hainaut,25000,+€2.52m,,2013,../data/raw/transfermarkt-scraper/2013/clubs.json.gz,https://www.transfermarkt.co.uk/fc-valenciennes/startseite/verein/1423,valenciennes fc
5,Lille,2022-23,38,19,10,9,65,44,21,67,Jonathan David (24),12,49.65,84.0,13.8,330,50,1.0,14,4,120,210,150,70.0,90,80,Ligue 1,53.7,lille,Lille Olympique Sporting Club,1082,losc-lille,Lille Olympique Sporting Club,FR1,,26,27.2,18,69.2,12,Decathlon Arena-Stade Pierre-Mauroy,50186,+€39.00m,,2024,../data/raw/transfermarkt-scraper/2024/clubs.json.gz,https://www.transfermarkt.co.uk/losc-lille/startseite/verein/1082,lille olympique sporting club
6,Monaco,2022-23,38,19,8,11,70,58,12,65,Wissam Ben Yedder (19),10,49.65,84.5,14.1,340,55,3.0,16,5,130,230,160,75.0,95,85,Ligue 1,54.8,monaco,Association sportive de Monaco Football Club,162,as-monaco,Association sportive de Monaco Football Club,FR1,,26,24.3,26,100.0,12,Stade Louis-II,18525,€-41.25m,,2024,../data/raw/transfermarkt-scraper/2024/clubs.json.gz,https://www.transfermarkt.co.uk/as-monaco/startseite/verein/162,association sportive de monaco football club
7,Lyon,2022-23,38,18,8,12,65,47,18,62,Alexandre Lacazette (27),11,49.65,85.3,14.3,350,58,3.0,17,5,135,240,165,80.0,100,90,Ligue 1,55.6,lyon,Olympique Lyonnais,1041,olympique-lyon,Olympique Lyonnais,FR1,,23,26.6,16,69.6,12,Groupama Stadium,59186,€-79.74m,,2024,../data/raw/transfermarkt-scraper/2024/clubs.json.gz,https://www.transfermarkt.co.uk/olympique-lyon/startseite/verein/1041,olympique lyonnais
8,Clermont Foot,2022-23,38,17,8,13,45,49,-4,59,Muhammed Cham (7),10,49.65,79.8,11.7,310,45,1.0,12,4,95,180,125,65.0,85,75,Ligue 1,48.9,clermont foot,Clermont Foot 63,3524,clermont-foot-63,Clermont Foot 63,FR1,,30,23.9,18,60.0,5,Stade Gabriel-Montpied,10800,+€4.00m,,2023,../data/raw/transfermarkt-scraper/2023/clubs.json.gz,https://www.transfermarkt.co.uk/clermont-foot-63/startseite/verein/3524,clermont foot 63
9,Nice,2022-23,38,15,13,10,48,37,11,58,Gaëtan Laborde (9),14,49.65,83.1,12.7,320,48,2.0,13,4,105,190,135,60.0,80,70,Ligue 1,52.3,nice,Olympique Gymnaste Club Nice Côte d'Azur,417,ogc-nizza,Olympique Gymnaste Club Nice Côte d'Azur,FR1,,27,26.2,17,63.0,12,Allianz Riviera,36178,+€3.30m,,2024,../data/raw/transfermarkt-scraper/2024/clubs.json.gz,https://www.transfermarkt.co.uk/ogc-nizza/startseite/verein/417,olympique gymnaste club nice côte d'azur
10,Lorient,2022-23,38,15,10,13,52,53,-1,55,Terem Moffi (14),9,49.65,81.9,12.3,310,45,1.0,12,4,100,180,130,65.0,85,75,Ligue 1,50.8,lorient,FC Lorient,1158,fc-lorient,FC Lorient,FR1,,30,25.0,17,56.7,8,Stade du Moustoir,16787,+€4.80m,,2023,../data/raw/transfermarkt-scraper/2023/clubs.json.gz,https://www.transfermarkt.co.uk/fc-lorient/startseite/verein/1158,fc lorient
11,Reims,2022-23,38,12,15,11,45,45,0,51,Folarin Balogun (21),10,49.65,81.8,12.0,320,48,2.0,13,4,100,180,130,65.0,85,75,Ligue 1,50.2,reims,Stade de Reims,1421,stade-reims,Stade de Reims,FR1,,25,24.8,19,76.0,8,Stade Auguste-Delaune,20519,+€39.35m,,2024,../data/raw/transfermarkt-scraper/2024/clubs.json.gz,https://www.transfermarkt.co.uk/stade-reims/startseite/verein/1421,stade de reims
12,Montpellier,2022-23,38,15,5,18,65,62,3,50,Elye Wahi (19),8,49.65,80.6,12.3,330,50,2.0,14,4,105,190,135,70.0,90,80,Ligue 1,49.8,montpellier,Montpellier Hérault Sport Club,969,montpellier-hsc,Montpellier Hérault Sport Club,FR1,,25,26.7,15,60.0,6,Stade de la Mosson,22000,+€27.00m,,2024,../data/raw/transfermarkt-scraper/2024/clubs.json.gz,https://www.transfermarkt.co.uk/montpellier-hsc/startseite/verein/969,montpellier hérault sport club
13,Toulouse,2022-23,38,13,9,16,51,57,-6,48,Thijs Dallinga (12),7,49.65,79.8,11.7,310,45,1.0,12,4,95,170,125,60.0,80,70,Ligue 1,48.9,toulouse,Toulouse Football Club,415,fc-toulouse,Toulouse Football Club,FR1,,25,24.9,17,68.0,10,Stadium Municipal,33150,+€47.80m,,2024,../data/raw/transfermarkt-scraper/2024/clubs.json.gz,https://www.transfermarkt.co.uk/fc-toulouse/startseite/verein/415,toulouse football club
14,Brest,2022-23,38,11,11,16,44,54,-10,44,Franck Honorat (7),6,49.65,79.6,11.2,300,40,1.0,11,3,85,160,115,55.0,70,65,Ligue 1,47.5,brest,Stade brestois 29,3911,stade-brest-29,Stade brestois 29,FR1,,27,26.9,11,40.7,5,Stade Francis-Le Blé,15220,€-5.80m,,2024,../data/raw/transfermarkt-scraper/2024/clubs.json.gz,https://www.transfermarkt.co.uk/stade-brest-29/startseite/verein/3911,stade brestois 29
15,Strasbourg,2022-23,38,9,13,16,51,59,-8,40,Habib Diallo (20),5,49.65,80.5,11.8,310,45,1.0,12,4,90,170,120,60.0,75,70,Ligue 1,49.1,strasbourg,Racing Club de Strasbourg Alsace,667,rc-strassburg-alsace,Racing Club de Strasbourg Alsace,FR1,,26,22.7,18,69.2,7,Stade de la Meinau,26109,€-55.40m,,2024,../data/raw/transfermarkt-scraper/2024/clubs.json.gz,https://www.transfermarkt.co.uk/rc-strassburg-alsace/startseite/verein/667,racing club de strasbourg alsace
16,Nantes,2022-23,38,7,15,16,37,55,-18,36,Ludovic Blas (7),6,49.65,77.9,10.5,290,38,1.0,10,2,70,130,90,45.0,60,55,Ligue 1,46.7,nantes,Football Club de Nantes,995,fc-nantes,Football Club de Nantes,FR1,,26,27.1,13,50.0,8,Stade de la Beaujoire,35322,+€1.05m,,2024,../data/raw/transfermarkt-scraper/2024/clubs.json.gz,https://www.transfermarkt.co.uk/fc-nantes/startseite/verein/995,football club de nantes
17,Auxerre,2022-23,38,8,11,19,35,63,-28,35,M'Baye Niang (6),5,49.65,76.8,10.2,280,35,1.0,9,2,65,120,85,40.0,55,50,Ligue 1,45.2,auxerre,Association de la Jeunesse auxerroise,290,aj-auxerre,Association de la Jeunesse auxerroise,FR1,,28,25.3,17,60.7,9,Stade de l'Abbé-Deschamps,18541,+€1.00m,,2024,../data/raw/transfermarkt-scraper/2024/clubs.json.gz,https://www.transfermarkt.co.uk/aj-auxerre/startseite/verein/290,association de la jeunesse auxerroise
18,Ajaccio,2022-23,38,7,5,26,23,74,-51,26,Mounaïm El Idrissy (5),4,49.65,75.6,9.8,260,30,1.0,7,2,55,100,75,30.0,45,40,Ligue 1,43.9,ajaccio,AC Ajaccio,1147,ac-ajaccio,AC Ajaccio,FR1,,24,27.5,11,45.8,6,Stade François-Coty,10446,+-0,,2022,../data/raw/transfermarkt-scraper/2022/clubs.json.gz,https://www.transfermarkt.co.uk/ac-ajaccio/startseite/verein/1147,ac ajaccio
19,Troyes,2022-23,38,4,12,22,45,81,-36,24,Mama Baldé (8),3,49.65,76.2,10.0,270,33,1.0,8,2,60,110,80,35.0,50,45,Ligue 1,44.5,troyes,ESTAC Troyes,1095,es-troyes-ac,ESTAC Troyes,FR1,,29,23.1,16,57.1,5,Stade de l'Aube,21877,+-0,,2022,../data/raw/transfermarkt-scraper/2022/clubs.json.gz,https://www.transfermarkt.co.uk/es-troyes-ac/startseite/verein/1095,estac troyes
20,Angers,2022-23,38,4,6,28,33,81,-48,18,Adrien Hunou (6),2,49.65,74.8,9.2,250,28,1.0,6,1,50,90,70,25.0,40,35,Ligue 1,42.5,angers,Rangers Football Club,124,glasgow-rangers,Rangers Football Club,SC1,,25,26.1,21,84.0,10,Ibrox Stadium,50987,€-13.91m,,2024,../data/raw/transfermarkt-scraper/2024/clubs.json.gz,https://www.transfermarkt.co.uk/glasgow-rangers/startseite/verein/124,rangers football club
1,Manchester City,2022-23,38,28,5,5,94,33,61,89,Erling Haaland (36),19,64.5,89.2,16.8,320,45,1.0,10,5,120,200,150,80.0,100,90,Premier League,50.0,manchester city,Manchester City Football Club,281,manchester-city,Manchester City Football Club,GB1,,28,26.7,21,75.0,21,Etihad Stadium,55097,€-102.00m,,2024,../data/raw/transfermarkt-scraper/2024/clubs.json.gz,https://www.transfermarkt.co.uk/manchester-city/startseite/verein/281,manchester city football club
2,Arsenal,2022-23,38,26,6,6,88,43,45,84,Martin Ødegaard (15),14,58.3,85.7,15.2,340,50,2.0,15,4,110,220,140,85.0,95,85,Premier League,50.0,arsenal,Arsenal Tula,3729,arsenal-tula,Arsenal Tula,RU1,,27,27.4,2,7.4,1,Arsenal,19241,+€1.80m,,2021,../data/raw/transfermarkt-scraper/2021/clubs.json.gz,https://www.transfermarkt.co.uk/arsenal-tula/startseite/verein/3729,arsenal tula
3,Manchester United,2022-23,38,23,6,9,58,43,15,75,Marcus Rashford (17),17,53.2,83.5,13.4,347,63,3.0,25,5,115,210,145,75.0,105,95,Premier League,50.0,manchester united,Manchester United Football Club,985,manchester-united,Manchester United Football Club,GB1,,26,26.4,18,69.2,19,Old Trafford,74879,€-143.30m,,2024,../data/raw/transfermarkt-scraper/2024/clubs.json.gz,https://www.transfermarkt.co.uk/manchester-united/startseite/verein/985,manchester united football club
4,Newcastle United,2022-23,38,19,14,5,68,33,35,71,Callum Wilson (18),15,52.8,82.4,12.9,330,55,2.0,20,6,105,190,135,70.0,90,80,Premier League,50.0,newcastle united,Newcastle United Football Club,762,newcastle-united,Newcastle United Football Club,GB1,,27,28.7,11,40.7,13,St James' Park,52258,+€21.35m,,2024,../data/raw/transfermarkt-scraper/2024/clubs.json.gz,https://www.transfermarkt.co.uk/newcastle-united/startseite/verein/762,newcastle united football club
5,Liverpool,2022-23,38,19,10,9,75,47,28,67,Mohamed Salah (19),12,57.6,84.3,14.7,310,48,1.0,18,3,125,230,155,85.0,100,90,Premier League,50.0,liverpool,Liverpool Football Club,31,fc-liverpool,Liverpool Football Club,GB1,,25,26.6,18,72.0,22,Anfield,61276,+€5.00m,,2024,../data/raw/transfermarkt-scraper/2024/clubs.json.gz,https://www.transfermarkt.co.uk/fc-liverpool/startseite/verein/31,liverpool football club
6,Brighton,2022-23,38,18,8,12,72,53,19,62,Alexis Mac Allister (10),12,58.1,84.5,13.8,335,52,1.0,14,4,110,210,140,80.0,95,85,Premier League,50.0,brighton,Brighton and Hove Albion Football Club,1237,brighton-amp-hove-albion,Brighton and Hove Albion Football Club,GB1,,28,26.2,20,71.4,17,AMEX Stadium,31876,€-229.96m,,2024,../data/raw/transfermarkt-scraper/2024/clubs.json.gz,https://www.transfermarkt.co.uk/brighton-amp-hove-albion/startseite/verein/1237,brighton and hove albion football club
7,Aston Villa,2022-23,38,18,7,13,51,46,5,61,Ollie Watkins (15),13,50.2,81.3,12.5,345,58,2.0,16,5,105,195,130,75.0,90,80,Premier League,50.0,aston villa,Aston Villa Football Club,405,aston-villa,Aston Villa Football Club,GB1,,24,27.7,16,66.7,15,Villa Park,42918,+€42.97m,,2024,../data/raw/transfermarkt-scraper/2024/clubs.json.gz,https://www.transfermarkt.co.uk/aston-villa/startseite/verein/405,aston villa football club
8,Tottenham Hotspur,2022-23,38,18,6,14,70,63,7,60,Harry Kane (30),10,54.7,83.2,14.1,360,60,3.0,20,3,115,220,145,85.0,100,90,Premier League,50.0,tottenham hotspur,Tottenham Hotspur Football Club,148,tottenham-hotspur,Tottenham Hotspur Football Club,GB1,,30,25.5,21,70.0,18,Tottenham Hotspur Stadium,62850,€-120.05m,,2024,../data/raw/transfermarkt-scraper/2024/clubs.json.gz,https://www.transfermarkt.co.uk/tottenham-hotspur/startseite/verein/148,tottenham hotspur football club
9,Brentford,2022-23,38,15,14,9,58,46,12,59,Ivan Toney (20),11,49.8,80.6,12.3,325,55,2.0,12,4,100,185,125,70.0,85,75,Premier League,50.0,brentford,Brentford Football Club,1148,fc-brentford,Brentford Football Club,GB1,,26,25.3,21,80.8,12,Gtech Community Stadium,17250,€-23.90m,,2024,../data/raw/transfermarkt-scraper/2024/clubs.json.gz,https://www.transfermarkt.co.uk/fc-brentford/startseite/verein/1148,brentford football club
10,Fulham,2022-23,38,15,7,16,55,53,2,52,Aleksandar Mitrović (14),10,48.5,79.8,11.9,340,50,1.0,15,5,95,175,120,65.0,80,70,Premier League,50.0,fulham,Fulham Football Club,931,fc-fulham,Fulham Football Club,GB1,,25,28.3,20,80.0,10,Craven Cottage,29589,€-22.75m,,2024,../data/raw/transfermarkt-scraper/2024/clubs.json.gz,https://www.transfermarkt.co.uk/fc-fulham/startseite/verein/931,fulham football club
11,Crystal Palace,2022-23,38,11,12,15,40,49,-9,45,Eberechi Eze (10),9,47.3,78.4,11.2,330,48,2.0,18,3,90,170,115,60.0,75,65,Premier League,50.0,crystal palace,Crystal Palace Football Club,873,crystal-palace,Crystal Palace Football Club,GB1,,27,26.1,12,44.4,12,Selhurst Park,25486,+€8.80m,,2024,../data/raw/transfermarkt-scraper/2024/clubs.json.gz,https://www.transfermarkt.co.uk/crystal-palace/startseite/verein/873,crystal palace football club
12,Chelsea,2022-23,38,11,11,16,38,47,-9,44,Kai Havertz (7),8,55.6,84.1,12.8,350,60,3.0,22,6,105,200,135,75.0,90,80,Premier League,50.0,chelsea,Chelsea Football Club,631,fc-chelsea,Chelsea Football Club,GB1,,30,23.6,18,60.0,14,Stamford Bridge,41631,€-47.10m,,2024,../data/raw/transfermarkt-scraper/2024/clubs.json.gz,https://www.transfermarkt.co.uk/fc-chelsea/startseite/verein/631,chelsea football club
13,Wolverhampton,2022-23,38,11,8,19,31,58,-27,41,Daniel Podence (6),7,46.8,77.5,10.8,320,45,1.0,14,4,85,160,110,55.0,70,60,Premier League,50.0,wolverhampton,Wolverhampton Wanderers Football Club,543,wolverhampton-wanderers,Wolverhampton Wanderers Football Club,GB1,,31,26.4,27,87.1,15,Molineux Stadium,31750,€-8.21m,,2024,../data/raw/transfermarkt-scraper/2024/clubs.json.gz,https://www.transfermarkt.co.uk/wolverhampton-wanderers/startseite/verein/543,wolverhampton wanderers football club
14,West Ham United,2022-23,38,11,7,20,42,55,-13,40,Michail Antonio (9),8,48.2,79.1,11.5,335,50,2.0,16,5,90,175,120,65.0,80,70,Premier League,50.0,west ham united,West Ham United Football Club,379,west-ham-united,West Ham United Football Club,GB1,,27,28.5,18,66.7,13,London Stadium,62500,€-98.25m,,2024,../data/raw/transfermarkt-scraper/2024/clubs.json.gz,https://www.transfermarkt.co.uk/west-ham-united/startseite/verein/379,west ham united football club
15,Bournemouth,2022-23,38,11,6,21,37,71,-34,39,Dominic Solanke (6),6,45.7,76.8,10.5,310,40,1.0,12,3,80,150,100,50.0,65,55,Premier League,50.0,bournemouth,Association Football Club Bournemouth,989,afc-bournemouth,Association Football Club Bournemouth,GB1,,25,24.9,18,72.0,15,Vitality Stadium,11307,€-60.79m,,2024,../data/raw/transfermarkt-scraper/2024/clubs.json.gz,https://www.transfermarkt.co.uk/afc-bournemouth/startseite/verein/989,association football club bournemouth
16,Nottingham Forest,2022-23,38,9,11,18,38,68,-30,38,Taiwo Awoniyi (10),6,44.5,75.2,10.1,315,55,2.0,15,12,75,140,95,60.0,70,65,Premier League,50.0,nottingham forest,Nottingham Forest Football Club,703,nottingham-forest,Nottingham Forest Football Club,GB1,,24,27.2,19,79.2,12,The City Ground,30404,€-18.80m,,2024,../data/raw/transfermarkt-scraper/2024/clubs.json.gz,https://www.transfermarkt.co.uk/nottingham-forest/startseite/verein/703,nottingham forest football club
17,Everton,2022-23,38,8,12,18,34,57,-23,36,Dwight McNeil (7),7,43.8,74.6,9.8,330,60,3.0,18,5,70,130,90,55.0,65,60,Premier League,50.0,everton,Everton Football Club,29,fc-everton,Everton Football Club,GB1,,25,27.9,15,60.0,11,Goodison Park,39414,+€33.45m,,2024,../data/raw/transfermarkt-scraper/2024/clubs.json.gz,https://www.transfermarkt.co.uk/fc-everton/startseite/verein/29,everton football club
18,Leicester City,2022-23,38,9,7,22,51,68,-17,34,James Maddison (10),5,49.1,78.3,11.4,340,65,4.0,20,6,80,150,100,65.0,75,70,Premier League,50.0,leicester city,Leicester City Football Club,1003,leicester-city,Leicester City Football Club,GB1,,29,26.9,21,72.4,15,King Power Stadium,32259,€-41.80m,,2024,../data/raw/transfermarkt-scraper/2024/clubs.json.gz,https://www.transfermarkt.co.uk/leicester-city/startseite/verein/1003,leicester city football club
19,Leeds United,2022-23,38,7,10,21,48,78,-30,31,Rodrigo (13),4,47.6,77.8,11.0,325,50,2.0,16,4,85,160,105,70.0,80,75,Premier League,50.0,leeds united,Leeds United,399,leeds-united,Leeds United,GB1,,27,24.6,18,66.7,9,Elland Road,37890,+€930k,,2022,../data/raw/transfermarkt-scraper/2022/clubs.json.gz,https://www.transfermarkt.co.uk/leeds-united/startseite/verein/399,leeds united
20,Southampton,2022-23,38,6,7,25,36,73,-37,25,James Ward-Prowse (9),3,46.2,76.5,10.3,310,45,1.0,14,3,65,120,85,50.0,60,55,Premier League,50.0,southampton,Southampton Football Club,180,fc-southampton,Southampton Football Club,GB1,,30,26.1,17,56.7,10,St Mary's Stadium,32384,€-80.56m,,2024,../data/raw/transfermarkt-scraper/2024/clubs.json.gz,https://www.transfermarkt.co.uk/fc-southampton/startseite/verein/180,southampton football club
1,Napoli,2022-23,38,28,6,4,77,28,49,90,Victor Osimhen (26),18,56.7,86.3,15.2,320,45,1.0,12,5,130,240,160,70.0,90,80,Serie A,50.0,napoli,Società Sportiva Calcio Napoli,6195,ssc-neapel,Società Sportiva Calcio Napoli,IT1,,25,28.0,14,56.0,14,Diego Armando Maradona,54726,€-69.00m,,2024,../data/raw/transfermarkt-scraper/2024/clubs.json.gz,https://www.transfermarkt.co.uk/ssc-neapel/startseite/verein/6195,società sportiva calcio napoli
2,Lazio,2022-23,38,22,8,8,60,30,30,74,Ciro Immobile (12),21,53.4,84.7,13.8,330,48,1.0,14,4,120,220,150,75.0,95,85,Serie A,50.0,lazio,Società Sportiva Lazio S.p.A.,398,lazio-rom,Società Sportiva Lazio S.p.A.,IT1,,31,26.4,22,71.0,13,Olimpico di Roma,70634,€-27.90m,,2024,../data/raw/transfermarkt-scraper/2024/clubs.json.gz,https://www.transfermarkt.co.uk/lazio-rom/startseite/verein/398,società sportiva lazio s.p.a.
3,Inter Milan,2022-23,38,23,3,12,71,42,29,72,Lautaro Martínez (21),14,55.8,85.2,14.5,340,55,3.0,16,5,125,230,155,80.0,100,90,Serie A,50.0,inter milan,Football Club Internazionale Milano S.p.A.,46,inter-mailand,Football Club Internazionale Milano S.p.A.,IT1,,25,29.4,18,72.0,18,Giuseppe Meazza,75923,€-75.91m,,2024,../data/raw/transfermarkt-scraper/2024/clubs.json.gz,https://www.transfermarkt.co.uk/inter-mailand/startseite/verein/46,football club internazionale milano s.p.a.
4,AC Milan,2022-23,38,20,10,8,64,43,21,70,Olivier Giroud (13),12,54.2,84.1,13.9,330,50,2.0,15,4,115,210,145,75.0,95,85,Serie A,50.0,ac milan,Football Club Internazionale Milano S.p.A.,46,inter-mailand,Football Club Internazionale Milano S.p.A.,IT1,,25,29.4,18,72.0,18,Giuseppe Meazza,75923,€-75.91m,,2024,../data/raw/transfermarkt-scraper/2024/clubs.json.gz,https://www.transfermarkt.co.uk/inter-mailand/startseite/verein/46,football club internazionale milano s.p.a.
5,Atalanta,2022-23,38,19,7,12,66,48,18,64,Ademola Lookman (13),11,52.8,83.5,13.4,320,48,2.0,13,4,110,200,140,70.0,90,80,Serie A,50.0,atalanta,Atalanta Bergamasca Calcio S.p.a.,800,atalanta-bergamo,Atalanta Bergamasca Calcio S.p.a.,IT1,,26,27.7,14,53.8,18,Gewiss Stadium,24950,+€11.45m,,2024,../data/raw/transfermarkt-scraper/2024/clubs.json.gz,https://www.transfermarkt.co.uk/atalanta-bergamo/startseite/verein/800,atalanta bergamasca calcio s.p.a.
6,AS Roma,2022-23,38,18,9,11,50,38,12,63,Paulo Dybala (12),15,51.6,82.9,12.8,310,45,1.0,12,4,105,190,135,65.0,85,75,Serie A,50.0,as roma,Associazione Sportiva Roma,12,as-rom,Associazione Sportiva Roma,IT1,,26,26.3,18,69.2,17,Olimpico di Roma,70634,€-76.90m,,2024,../data/raw/transfermarkt-scraper/2024/clubs.json.gz,https://www.transfermarkt.co.uk/as-rom/startseite/verein/12,associazione sportiva roma
7,Juventus,2022-23,38,22,6,10,56,33,23,62,Dušan Vlahović (10),16,53.1,84.0,13.2,340,55,3.0,17,5,120,220,150,75.0,95,85,Serie A,50.0,juventus,Juventus Football Club,506,juventus-turin,Juventus Football Club,IT1,,27,25.4,20,74.1,19,Allianz Stadium,41507,€-87.40m,,2024,../data/raw/transfermarkt-scraper/2024/clubs.json.gz,https://www.transfermarkt.co.uk/juventus-turin/startseite/verein/506,juventus football club
8,Fiorentina,2022-23,38,15,11,12,53,43,10,56,Arthur Cabral (7),10,52.3,83.1,12.7,330,50,2.0,14,4,110,200,140,70.0,90,80,Serie A,50.0,fiorentina,Associazione Calcio Fiorentina,430,ac-florenz,Associazione Calcio Fiorentina,IT1,,25,25.9,10,40.0,10,Artemio Franchi,43147,€-31.97m,,2024,../data/raw/transfermarkt-scraper/2024/clubs.json.gz,https://www.transfermarkt.co.uk/ac-florenz/startseite/verein/430,associazione calcio fiorentina
9,Bologna,2022-23,38,14,12,12,53,49,4,54,Marko Arnautović (10),9,50.8,81.9,12.3,320,48,1.0,13,4,100,180,130,65.0,85,75,Serie A,50.0,bologna,Bologna Football Club 1909,1025,fc-bologna,Bologna Football Club 1909,IT1,,28,26.3,19,67.9,14,Stadio Renato Dall’Ara,36462,+€51.67m,,2024,../data/raw/transfermarkt-scraper/2024/clubs.json.gz,https://www.transfermarkt.co.uk/fc-bologna/startseite/verein/1025,bologna football club 1909
10,Torino,2022-23,38,14,11,13,42,41,1,53,Antonio Sanabria (8),11,49.5,80.6,11.8,310,45,1.0,12,3,95,170,125,60.0,80,70,Serie A,50.0,torino,Torino Calcio,416,fc-turin,Torino Calcio,IT1,,29,26.8,24,82.8,15,Olimpico Grande Torino,28177,+€21.90m,,2024,../data/raw/transfermarkt-scraper/2024/clubs.json.gz,https://www.transfermarkt.co.uk/fc-turin/startseite/verein/416,torino calcio
11,Monza,2022-23,38,14,10,14,48,52,-4,52,Gianluca Caprari (7),8,48.9,79.8,11.7,300,40,1.0,11,3,90,160,120,55.0,75,70,Serie A,50.0,monza,Associazione Calcio Monza,2919,ac-monza,Associazione Calcio Monza,IT1,,31,26.4,11,35.5,3,Brianteo,17102,+€34.75m,,2024,../data/raw/transfermarkt-scraper/2024/clubs.json.gz,https://www.transfermarkt.co.uk/ac-monza/startseite/verein/2919,associazione calcio monza
12,Udinese,2022-23,38,11,13,14,47,48,-1,46,Beto (10),9,49.2,80.1,11.5,310,45,1.0,12,4,95,170,125,60.0,80,70,Serie A,50.0,udinese,Udinese Calcio,410,udinese-calcio,Udinese Calcio,IT1,,30,26.0,26,86.7,10,Bluenergy Stadium,25144,€-270k,,2024,../data/raw/transfermarkt-scraper/2024/clubs.json.gz,https://www.transfermarkt.co.uk/udinese-calcio/startseite/verein/410,udinese calcio
13,Sassuolo,2022-23,38,12,9,17,47,61,-14,45,Domenico Berardi (11),7,51.3,82.4,12.1,320,50,2.0,15,5,100,180,130,65.0,85,75,Serie A,50.0,sassuolo,US Sassuolo,6574,us-sassuolo,US Sassuolo,IT1,,32,23.8,11,34.4,7,Mapei Stadium - Città del Tricolore,21584,+€49.15m,,2023,../data/raw/transfermarkt-scraper/2023/clubs.json.gz,https://www.transfermarkt.co.uk/us-sassuolo/startseite/verein/6574,us sassuolo
14,Empoli,2022-23,38,10,13,15,37,49,-12,43,Tommaso Baldanzi (6),8,48.5,79.3,11.0,300,38,1.0,10,2,85,160,115,55.0,70,65,Serie A,50.0,empoli,Empoli Football Club S.r.l.,749,fc-empoli,Empoli Football Club S.r.l.,IT1,,28,26.3,16,57.1,4,Carlo Castellani,19847,+€11.05m,,2024,../data/raw/transfermarkt-scraper/2024/clubs.json.gz,https://www.transfermarkt.co.uk/fc-empoli/startseite/verein/749,empoli football club s.r.l.
15,Salernitana,2022-23,38,9,15,14,48,62,-14,42,Boulaye Dia (16),6,47.8,78.6,10.8,290,35,1.0,9,2,80,150,110,50.0,65,60,Serie A,50.0,salernitana,US Salernitana 1919,380,us-salernitana-1919,US Salernitana 1919,IT1,,30,24.5,16,53.3,3,Arechi,29739,+€18.80m,,2023,../data/raw/transfermarkt-scraper/2023/clubs.json.gz,https://www.transfermarkt.co.uk/us-salernitana-1919/startseite/verein/380,us salernitana 1919
16,Lecce,2022-23,38,8,12,18,33,46,-13,36,Gabriel Strefezza (8),7,46.7,77.9,10.5,280,33,1.0,8,2,75,140,95,45.0,60,55,Serie A,50.0,lecce,Unione Sportiva Lecce,1005,us-lecce,Unione Sportiva Lecce,IT1,,34,24.9,29,85.3,8,Ettore Giardiniero,31559,+€45.50m,,2024,../data/raw/transfermarkt-scraper/2024/clubs.json.gz,https://www.transfermarkt.co.uk/us-lecce/startseite/verein/1005,unione sportiva lecce
17,Spezia,2022-23,38,6,13,19,31,62,-31,31,M'Bala Nzola (13),5,45.2,76.8,10.2,270,30,1.0,7,2,70,130,90,40.0,55,50,Serie A,50.0,spezia,Spezia Calcio,3522,spezia-calcio,Spezia Calcio,IT1,,32,24.4,25,78.1,11,Alberto Picco,11676,€-3.95m,,2022,../data/raw/transfermarkt-scraper/2022/clubs.json.gz,https://www.transfermarkt.co.uk/spezia-calcio/startseite/verein/3522,spezia calcio
18,Hellas Verona,2022-23,38,7,10,21,31,59,-28,31,Cyril Ngonge (5),6,44.8,76.5,10.0,260,28,1.0,6,1,65,120,85,35.0,50,45,Serie A,50.0,hellas verona,Chievo Verona,862,chievo-verona,Chievo Verona,IT1,,0,,0,,0,Marcantonio Bentegodi,31045,+-0,,2018,../data/raw/transfermarkt-scraper/2018/clubs.json.gz,https://www.transfermarkt.co.uk/chievo-verona/startseite/verein/862,chievo verona
19,Cremonese,2022-23,38,5,12,21,36,69,-33,27,Cyriel Dessers (7),4,43.9,75.6,9.8,250,25,1.0,5,1,60,110,80,30.0,45,40,Serie A,50.0,cremonese,US Cremonese,2239,us-cremonese,US Cremonese,IT1,,29,25.4,9,30.0,2,Giovanni Zini,16003,+€5.00m,,2022,../data/raw/transfermarkt-scraper/2022/clubs.json.gz,https://www.transfermarkt.co.uk/us-cremonese/startseite/verein/2239,us cremonese
20,Sampdoria,2022-23,38,3,10,25,24,71,-47,19,Manolo Gabbiadini (4),3,42.5,74.8,9.2,240,22,1.0,4,1,55,100,75,25.0,40,35,Serie A,50.0,sampdoria,UC Sampdoria,1038,sampdoria-genua,UC Sampdoria,IT1,,33,24.3,5,15.6,4,Luigi Ferraris,36348,+€1.75m,,2022,../data/raw/transfermarkt-scraper/2022/clubs.json.gz,https://www.transfermarkt.co.uk/sampdoria-genua/startseite/verein/1038,uc sampdoria
